{
    "2": 0.4058516859278054,
    "0": 7.353286244463067,
    "1": 2.4996744261761354
}